time_ms,rss
0,1921024
10,6008832
20,6008832
30,6008832
40,6008832
50,6008832
60,6008832
70,6008832
80,6008832
90,6008832
100,6008832
110,16760832
120,20004864
131,23248896
141,26492928
151,29466624
161,32710656
171,35954688
181,38928384
191,42172416
201,45416448
211,48390144
221,51634176
231,54607872
241,57851904
251,60825600
261,63799296
272,67043328
282,70017024
292,72990720
302,75964416
312,78938112
322,82182144
332,85155840
342,88129536
352,91103232
362,94076928
372,97320960
382,100024320
392,102727680
402,105701376
413,108945408
423,111919104
433,114892800
443,118136832
453,121110528
463,124084224
473,127328256
483,130301952
493,133275648
503,136249344
513,139493376
523,142467072
533,145440768
543,148684800
553,151658496
564,154632192
574,157876224
584,160849920
594,163823616
604,166797312
614,169771008
624,172744704
634,175718400
644,178692096
654,181665792
664,184639488
674,187613184
684,190586880
694,193560576
705,196263936
715,199237632
725,202211328
735,205185024
745,208158720
755,211132416
765,213835776
775,216809472
785,219783168
795,222756864
805,225730560
815,228704256
825,231677952
835,234381312
846,237355008
856,240058368
866,243032064
876,245735424
886,248709120
896,251412480
906,254386176
916,257089536
926,260063232
936,262766592
946,265740288
956,268443648
966,271147008
976,274120704
987,276824064
997,279797760
1007,282501120
1017,285204480
1027,287907840
1037,290881536
1047,293584896
1057,296288256
1067,298991616
1077,301965312
1087,304668672
1097,307372032
1107,307912704
1117,307912704
1128,307912704
1138,307912704
1148,307912704
1158,307912704
1168,307912704
1178,307912704
1188,307912704
1198,307912704
1208,307912704
1218,307912704
1228,307912704
1238,307912704
1248,307912704
1258,307912704
1269,307912704
1279,307912704
1289,307912704
1299,307912704
1309,307912704
1319,307912704
1329,307912704
1339,307912704
1349,307912704
1359,307912704
1369,307912704
1379,307912704
1389,307912704
1399,307912704
1409,307912704
1420,307912704
1430,307912704
1440,307912704
1450,307912704
1460,307912704
1470,307912704
1480,307912704
1490,307912704
1500,307912704
1510,307912704
1520,307912704
1530,307912704
1540,307912704
1550,307912704
1561,307912704
1571,307912704
1581,307912704
1591,307912704
1601,307912704
1611,307912704
1621,307912704
1631,307912704
1641,307912704
1651,307912704
1661,307912704
1671,307912704
1681,307912704
1691,307912704
1702,307912704
1712,307912704
1722,307912704
1732,307912704
1742,307912704
1752,307912704
1762,307912704
1772,307912704
1782,307912704
1792,307912704
1802,307912704
1812,307912704
1822,307912704
1832,307912704
1843,307912704
1853,307912704
1863,307912704
1873,307912704
1883,307912704
1893,307912704
1903,307912704
1913,307912704
1923,307912704
1933,307912704
1943,307912704
1953,307912704
1963,307912704
1973,307912704
1983,307912704
1994,307912704
2077,214007808
2087,214007808
2097,214007808
2107,214007808
2117,214007808
2127,214007808
2137,214007808
2147,214007808
2157,214007808
2168,214007808
2178,214007808
2188,214007808
2198,214007808
2208,214007808
2218,214007808
2228,214007808
2238,214007808
2248,214007808
2258,214007808
2268,214007808
2278,214007808
2288,214007808
2298,214007808
2308,214007808
2319,214007808
2329,214007808
2339,214007808
2349,214007808
2359,214007808
2369,214007808
2379,214007808
2389,214007808
2399,214007808
2409,214007808
2419,214007808
2429,214007808
2439,214007808
2449,214007808
2460,214007808
2470,214007808
2480,214007808
2490,214007808
2500,214007808
2510,214007808
2520,214007808
2530,214007808
2540,214007808
2550,214007808
2560,214007808
2570,214007808
2593,185376768
2603,185376768
2613,185376768
2623,185376768
2633,185376768
2643,185376768
2653,185376768
2663,185376768
2673,185376768
2683,185376768
2693,185376768
2704,185376768
2714,185376768
2724,185376768
2734,185376768
2744,185376768
2754,185376768
2764,185376768
2774,185376768
2784,185376768
2794,185376768
2804,185376768
2814,185376768
2824,185376768
2834,185376768
2845,185376768
2855,185376768
2865,185376768
2875,185376768
2885,185376768
2895,185376768
2905,185376768
2915,185376768
2925,185376768
2935,185376768
2945,185376768
2955,185376768
2965,185376768
2975,185376768
2986,185376768
2996,185376768
3006,185376768
3016,185376768
3026,185376768
3036,185376768
3046,185376768
3056,185376768
3066,185376768
3076,185376768
3086,185376768
3096,185376768
3106,185376768
3116,185376768
3126,185376768
3137,185376768
3147,185376768
3157,185376768
3167,185376768
3177,185376768
3187,185376768
3197,185376768
3207,185376768
3217,185376768
3227,185376768
3237,185376768
3247,185376768
3257,185376768
3267,185376768
3277,185376768
3288,185376768
3298,185376768
3308,185376768
3318,185376768
3328,185376768
3338,185376768
3348,185376768
3358,185376768
3368,185376768
3378,185376768
3388,185376768
3398,185376768
3408,185376768
3418,185376768
3428,185376768
3439,185376768
3449,185376768
3459,185376768
3469,185376768
3479,185376768
3489,185376768
3499,185376768
3509,185376768
3519,185376768
3529,185376768
3539,185376768
3549,185376768
3559,185376768
3569,185376768
3580,185376768
3590,185376768
3600,185376768
3610,185376768
3620,185376768
3630,185376768
3640,185376768
3650,185376768
3660,185376768
3670,185376768
3680,185376768
3690,185376768
3700,185376768
3710,185376768
3721,185376768
3731,185376768
3741,185376768
3751,185376768
3761,185376768
3771,185376768
3781,185376768
3791,185376768
3801,185376768
3811,185376768
3821,185376768
3831,185376768
3841,185376768
3851,185376768
3861,185376768
3872,185376768
3882,185376768
3892,185376768
3902,185376768
3912,185376768
3922,185376768
3932,185376768
3942,185376768
3952,185376768
3962,185376768
3972,185376768
3982,185376768
3992,185376768
4002,185376768
4013,185376768
4023,185376768
4033,185376768
4043,185376768
4053,185376768
4063,185376768
4073,185376768
4083,185376768
4093,185376768
4103,185376768
4113,185376768
4123,185376768
4133,185376768
4143,185376768
4153,185376768
4164,185376768
4174,185376768
4184,185376768
4194,185376768
4204,185376768
4214,185376768
4224,185376768
4234,185376768
4244,185376768
4254,185376768
4264,185376768
4274,185376768
4284,185376768
4294,185376768
4304,185376768
4315,185376768
4325,185376768
4335,185376768
4345,185376768
4355,185376768
4365,185376768
4375,185376768
4385,185376768
4395,185376768
4405,185376768
4415,185376768
4425,185376768
4435,185376768
4445,185376768
4456,185376768
4466,185376768
4476,185376768
4486,185376768
4496,185376768
4506,185376768
4516,185376768
4526,185376768
4536,185376768
4546,185376768
4556,185376768
4566,185376768
4576,185376768
4586,185376768
4597,185376768
4607,185376768
4617,185376768
4627,185376768
4637,185376768
4647,185376768
4657,185376768
4667,185376768
4677,185376768
4687,185376768
4697,185376768
4707,185376768
4717,185376768
4727,185376768
4737,185376768
4748,185376768
4758,185376768
4768,185376768
4778,185376768
4788,185376768
4798,185376768
4808,185376768
4818,185376768
4828,185376768
4838,185376768
4848,185376768
4858,185376768
4868,185376768
4878,185376768
4888,185376768
4899,185376768
4909,185376768
4919,185376768
4929,185376768
4939,185376768
4949,185376768
4959,185376768
4969,185376768
4979,185376768
4989,185376768
4999,185376768
5009,185376768
5019,185376768
5029,185376768
5040,185376768
5050,185376768
5060,185376768
5070,185376768
5080,185376768
5090,185376768
5100,185376768
5110,185376768
5120,185376768
5130,185376768
5140,185376768
5150,185376768
5160,185376768
5170,185376768
5180,185376768
5191,185376768
5201,185376768
5211,185376768
5221,185376768
5231,185376768
5241,185376768
5251,185376768
5261,185376768
5271,185376768
5281,185376768
5291,185376768
5301,185376768
5311,185376768
5321,185376768
5332,185376768
5342,185376768
5352,185376768
5362,185376768
5372,185376768
5382,185376768
5392,185376768
5402,185376768
5412,185376768
5422,185376768
5432,185376768
5442,185376768
5452,185376768
5462,185376768
5472,185376768
5483,185376768
5493,185376768
5503,185376768
5513,185376768
5523,185376768
5533,185376768
5543,185376768
5553,185376768
5563,185376768
5573,185376768
5583,185376768
5593,185376768
5604,185376768
5614,185376768
5624,185376768
5634,185376768
5644,185376768
5654,185376768
5664,185376768
5674,185376768
5684,185376768
5694,185376768
5704,185376768
5714,185376768
5724,185376768
5734,185376768
5745,185376768
5755,185376768
5765,185376768
5775,185376768
5785,185376768
5795,185376768
5805,185376768
5815,185376768
5825,185376768
5835,185376768
5845,185376768
5855,185376768
5865,185376768
5875,185376768
5886,185376768
5896,185376768
5906,185376768
5916,185376768
5926,185376768
5936,185376768
5946,185376768
5956,185376768
5966,185376768
5976,185376768
5986,185376768
5996,185376768
6006,185376768
6016,185376768
6027,185376768
6037,185376768
6047,185376768
6057,185376768
6067,185376768
6077,185376768
6087,185376768
6097,185376768
6107,185376768
6117,185376768
6127,185376768
6137,185376768
6147,185376768
6157,185376768
6168,185376768
6178,185376768
6188,185376768
6198,185376768
6208,185376768
6218,185376768
6228,185376768
6238,185376768
6248,185376768
6258,185376768
6268,185376768
6278,185376768
6288,185376768
6298,185376768
6309,185376768
6319,185376768
6329,185376768
6339,185376768
6349,185376768
6359,185376768
6369,185376768
6379,185376768
6389,185376768
6399,185376768
6409,185376768
6419,185376768
6429,185376768
6439,185376768
6450,185376768
6460,185376768
6470,185376768
6480,185376768
6490,185376768
6500,185376768
6510,185376768
6520,185376768
6530,185376768
6540,185376768
6550,185376768
6560,185376768
6570,185376768
6580,185376768
6590,185376768
6601,185376768
6611,185376768
6621,185376768
6631,185376768
6641,185376768
6651,185376768
6661,185376768
6671,185376768
6681,185376768
6691,185376768
6701,185376768
6711,185376768
6721,185376768
6731,185376768
6741,185376768
6752,185376768
6762,185376768
6772,185376768
6782,185376768
6792,185376768
6802,185376768
6812,185376768
6822,185376768
6832,185376768
6842,185376768
6852,185376768
6862,185376768
6872,185376768
6883,185376768
6893,185376768
6903,185376768
6913,185376768
6923,185376768
6933,185376768
6943,185376768
6953,185376768
6963,185376768
6973,185376768
6983,185376768
6993,185376768
7003,185376768
7013,185376768
7023,185376768
7034,185376768
7044,185376768
7054,185376768
7064,185376768
7074,185376768
7084,185376768
7094,185376768
7104,185376768
7114,185376768
7124,185376768
7134,185376768
7144,185376768
7154,185376768
7164,185376768
7175,185376768
7185,185376768
7195,185376768
7205,185376768
7215,185376768
7225,185376768
7235,185376768
7245,185376768
7255,185376768
7265,185376768
7275,185376768
7285,185376768
7295,185376768
7305,185376768
7316,185376768
7326,185376768
7336,185376768
7346,185376768
7356,185376768
7366,185376768
7376,185376768
7386,185376768
7396,185376768
7406,185376768
7416,185376768
7426,185376768
7436,185376768
7446,185376768
7457,185376768
7467,185376768
7477,185376768
7487,185376768
7497,185376768
7507,185376768
7517,185376768
7527,185376768
7537,185376768
7547,185376768
7557,185376768
7567,185376768
7577,185376768
7587,185376768
7598,185376768
7608,185376768
7618,185376768
7628,185376768
7638,185376768
7648,185376768
7658,185376768
7668,185376768
7678,185376768
7688,185376768
7698,185376768
7708,185376768
7718,185376768
7729,185376768
7739,185376768
7749,185376768
7759,185376768
7769,185376768
7779,185376768
7789,185376768
7799,185376768
7809,185376768
7819,185376768
7829,185376768
7839,185376768
7849,185376768
7859,185376768
7870,185376768
7880,185376768
7890,185376768
7900,185376768
7910,185376768
7920,185376768
7930,185376768
7940,185376768
7950,185376768
7960,185376768
7970,185376768
7980,185376768
7990,185376768
8000,185376768
8011,185376768
8021,185376768
8031,185376768
8041,185376768
8051,185376768
8061,185376768
8071,185376768
8081,185376768
8091,185376768
8101,185376768
8111,185376768
8121,185376768
8131,185376768
8141,185376768
8152,185376768
8162,185376768
8172,185376768
8182,185376768
8192,185376768
8202,185376768
8212,185376768
8222,185376768
8232,185376768
8242,185376768
8252,185376768
8262,185376768
8272,185376768
8283,185376768
8293,185376768
8303,185376768
8313,185376768
8323,185376768
8333,185376768
8343,185376768
8353,185376768
8363,185376768
8373,185376768
8383,185376768
8393,185376768
8403,185376768
8413,185376768
8423,185376768
8434,185376768
8444,185376768
8454,185376768
8464,185376768
8474,185376768
8484,185376768
8494,185376768
8504,185376768
8514,185376768
8524,185376768
8534,185376768
8544,185376768
8554,185376768
8564,185376768
8574,185376768
8585,185376768
8595,185376768
8605,185376768
8615,185376768
8625,185376768
8635,185376768
8645,185376768
8655,185376768
8665,185376768
8675,185376768
8685,185376768
8695,185376768
8705,185376768
8715,185376768
8726,185376768
8736,185376768
8746,185376768
8756,185376768
8766,185376768
8776,185376768
8786,185376768
8796,185376768
8806,185376768
8816,185376768
8826,185376768
8836,185376768
8846,185376768
8856,185376768
8867,185376768
8877,185376768
8887,185376768
8897,185376768
8907,185376768
8917,185376768
8927,185376768
8937,185376768
8947,185376768
8957,185376768
8967,185376768
8977,185376768
8987,185376768
8997,185376768
9008,185376768
9018,185376768
9028,185376768
9038,185376768
9048,185376768
9058,185376768
9068,185376768
9078,185376768
9088,185376768
9098,185376768
9108,185376768
9118,185376768
9128,185376768
9138,185376768
9149,185376768
9159,185376768
9169,185376768
9179,185376768
9189,185376768
9199,185376768
9209,185376768
9219,185376768
9229,185376768
9239,185376768
9249,185376768
9259,185376768
9269,185376768
9279,185376768
9290,185376768
9300,185376768
9310,185376768
9320,185376768
9330,185376768
9340,185376768
9350,185376768
9360,185376768
9370,185376768
9380,185376768
9390,185376768
9400,185376768
9410,185376768
9420,185376768
9431,185376768
9441,185376768
9451,185376768
9461,185376768
9471,185376768
9481,185376768
9491,185376768
9501,185376768
9511,185376768
9521,185376768
9531,185376768
9541,185376768
9551,185376768
9561,185376768
9572,185376768
9582,185376768
9592,185376768
9602,185376768
9612,185376768
9622,185376768
9632,185376768
9642,185376768
9652,185376768
9662,185376768
9672,185376768
9682,185376768
9692,185376768
9703,185376768
9713,185376768
9723,185376768
9733,185376768
9743,185376768
9753,185376768
9763,185376768
9773,185376768
9783,185376768
9793,185376768
9803,185376768
9813,185376768
9823,185376768
9834,185376768
9844,185376768
9854,185376768
9864,185376768
9874,185376768
9884,185376768
9894,185376768
9904,185376768
9914,185376768
9924,185376768
9934,185376768
9944,185376768
9954,185376768
9964,185376768
9975,185376768
9985,185376768
9995,185376768
10005,185376768
10015,185376768
10025,185376768
10035,185376768
10045,185376768
10055,185376768
10065,185376768
10075,185376768
10085,185376768
10095,185376768
10105,185376768
10116,185376768
10126,185376768
10136,185376768
10146,185376768
10156,185376768
10166,185376768
10176,185376768
10186,185376768
10196,185376768
10206,185376768
10216,185376768
10226,185376768
10236,185376768
10246,185376768
10256,185376768
10267,185376768
10277,185376768
10287,185376768
10297,185376768
10307,185376768
10317,185376768
10327,185376768
10337,185376768
10347,185376768
10357,185376768
10367,185376768
10377,185376768
10387,185376768
10398,185376768
10408,185376768
10418,185376768
10428,185376768
10438,185376768
10448,185376768
10458,185376768
10468,185376768
10478,185376768
10488,185376768
10498,185376768
10508,185376768
10518,185376768
10528,185376768
10538,185376768
10549,185376768
10559,185376768
10569,185376768
10579,185376768
10589,185376768
10599,185376768
10609,185376768
10619,185376768
10629,185376768
10639,185376768
10649,185376768
10659,185376768
10669,185376768
10679,185376768
10689,185376768
10700,185376768
10710,185376768
10720,185376768
10730,185376768
10740,185376768
10750,185376768
10760,185376768
10770,185376768
10780,185376768
10790,185376768
10800,185376768
10810,185376768
10820,185376768
10830,185376768
10841,185376768
10851,185376768
10861,185376768
10871,185376768
10881,185376768
10891,185376768
10901,185376768
10911,185376768
10921,185376768
10931,185376768
10941,185376768
10951,185376768
10961,185376768
10971,185376768
10982,185376768
10992,185376768
11002,185376768
11012,185376768
11022,185376768
11032,185376768
11042,185376768
11052,185376768
11062,185376768
11072,185376768
11082,185376768
11092,185376768
11102,185376768
11112,185376768
11123,185376768
11133,185376768
11143,185376768
11153,185376768
11163,185376768
11173,185376768
11183,185376768
11193,185376768
11203,185376768
11213,185376768
11223,185376768
11233,185376768
